"balance_sd","district_id","Id","amount","duration","payments","Predicted","birth_number","gender","household_amount","region","no. of inhabitants","ratio of urban inhabitants","average salary","unemploymant rate '95","unemploymant rate '96","no. of enterpreneurs per 1000 inhabitants","no. of commited crimes '95","no. of commited crimes '96","diff_unemploymant","avg_unemploymant","diff_crimes","avg_crimes","ratio_crimes","type_card","balance_diff","frequency","balance_avg","transaction_count"
12061.7056818761,1,4959,80952,24,3373,1,1945-02-04,1,7266,5,1204953,100,12541,0.29,0.43,167,85677,99107,0.14,0.36,13430,92392,0.0766768496364588,0,66429.6,2,32590.6240740741,54
15039.2484049323,21,4961,30276,12,2523,-1,1939-04-23,0,15925,6,103347,67,9104,1.51,2.07,123,2299,2354,0.56,1.79,55,2326.5,0.0225115387964818,0,57442.5,2,25197.0925,80
20955.6469983724,16,4973,165960,24,6915,1,1944-06-13,0,6393,6,93931,56.9,8427,1.12,1.54,107,1874,1913,0.42,1.33,39,1893.5,0.0201584141550713,0,106369.6,2,52523.2448,125
21638.2588696712,40,4996,88440,12,7370,1,1945-07-03,0,0,3,128118,85.3,9317,6.49,7.07,97,6949,6872,0.58,6.78,-77,6910.5,0.0539385566430946,0,103039,1,62778.0903225806,31
11517.1752482123,66,5002,104808,12,8734,1,1939-11-30,1,6256,7,125832,48.3,8512,3.51,4.12,102,2247,2103,0.61,3.815,-144,2175,0.0172849513637231,0,57365.3,2,38709.83,30
20572.4575297371,56,5032,123696,48,2577,1,1940-08-27,1,2653,7,124605,46,8772,4.69,4.98,126,2854,3158,0.29,4.835,304,3006,0.0241242325749368,0,89522.2,2,49084.3819672131,61
9576.32771690869,54,5044,100980,60,1683,1,1965-07-31,1,4739,7,387570,100,9897,1.6,1.96,140,18721,18696,0.36,1.78,-25,18708.5,0.0482712800268339,0,52776.7,2,35614.7442857143,70
22038.4815890867,1,5045,187224,24,7801,-1,1947-10-08,1,0,5,1204953,100,12541,0.29,0.43,167,85677,99107,0.14,0.36,13430,92392,0.0766768496364588,0,92814.6,2,42084.3113636364,88
21418.9138558837,60,5060,252060,60,4201,-1,1965-08-03,0,7497,7,110643,51.9,8441,3.45,4.48,115,1879,2252,1.03,3.965,373,2065.5,0.0186681489113636,0,105359.6,2,57340.5081967213,61
16330.1732223154,13,5082,262980,60,4383,1,1966-03-09,0,0,1,53921,41.3,8598,2.77,3.26,123,1597,1875,0.49,3.015,278,1736,0.0321952486044398,0,77674.3,2,41729.6160714286,56
13400.0640966406,32,5088,91152,24,3798,1,1942-12-10,1,0,3,105058,81,9272,2.8,3.22,118,4340,4505,0.42,3.01,165,4422.5,0.0420957947038779,2,71927.7,2,44829.5441558442,77
6550.59542995513,39,5125,73056,48,1522,1,1970-12-18,1,2153,3,119895,89.9,10446,7.34,9.4,90,4947,4743,2.06,8.37,-204,4845,0.0404103590641812,0,33055.4,2,23255.1490196078,51
22812.186440376,54,5126,208128,48,4336,-1,1951-08-06,1,0,7,387570,100,9897,1.6,1.96,140,18721,18696,0.36,1.78,-25,18708.5,0.0482712800268339,0,97133.7,2,36369.975,64
13056.9873065428,69,5128,215616,48,4492,-1,1957-02-17,1,10440,4,42821,48.4,8173,7.01,7.01,124,1358,1358,0,7.01,0,1358,0.0317134116438196,0,53549.4,2,21447.6245901639,61
7695.86280086246,16,5130,24312,12,2026,1,1955-11-19,0,0,6,93931,56.9,8427,1.12,1.54,107,1874,1913,0.42,1.33,39,1893.5,0.0201584141550713,0,47177.9,2,29380.8397435897,78
25825.8581816605,40,5131,48624,24,2026,1,1961-09-30,1,4514,3,128118,85.3,9317,6.49,7.07,97,6949,6872,0.58,6.78,-77,6910.5,0.0539385566430946,0,133987.4,2,63857.2367521367,117
13408.0203646534,5,5132,538500,60,8975,1,1960-06-28,1,4605,1,95616,51.4,9307,3.85,4.43,118,2616,3040,0.58,4.14,424,2828,0.029576639892905,0,69575.9,2,33687.8586206897,58
34581.4013483708,72,5136,187104,24,7796,1,1977-05-10,0,0,4,226122,62.6,8994,3.8,4.79,110,9672,9208,0.99,4.295,-464,9440,0.041747375310673,0,136893.5,2,66292.372,25
6554.7605128343,1,5138,87216,48,1817,1,1954-03-16,0,382,5,1204953,100,12541,0.29,0.43,167,85677,99107,0.14,0.36,13430,92392,0.0766768496364588,0,43087.3,2,30847.1493243243,148
21979.384405419,72,5145,309552,48,6449,1,1935-01-29,1,14291,4,226122,62.6,8994,3.8,4.79,110,9672,9208,0.99,4.295,-464,9440,0.041747375310673,0,121013.2,2,56105.5,35
20167.8024295163,37,5148,284280,60,4738,1,1958-09-15,0,0,3,114006,62.3,9065,4.46,5.39,123,4147,4166,0.93,4.925,19,4156.5,0.0364586074417136,0,109061.9,2,64182.6414893617,94
24683.0632141581,4,5151,189060,60,3151,1,1958-12-30,0,5940,1,149893,67.4,9753,4.64,5.05,109,5244,5892,0.41,4.845,648,5568,0.0371464978351224,0,101593.6,1,72242.8966666667,30
12656.7828254321,45,5160,204000,60,3400,1,1944-05-06,1,7085,2,77917,53.5,8390,2.28,2.89,132,2080,2122,0.61,2.585,42,2101,0.0269645905258159,0,67772.8,2,37809.3984615385,65
19672.650902027,65,5161,98184,24,4091,1,1945-06-12,0,0,7,114200,43.7,8403,5.74,5.72,105,2157,2718,-0.0200000000000005,5.73,561,2437.5,0.0213441330998249,0,68456.1,2,41660.3928571429,14
26552.7395045982,52,5170,253200,60,4220,1,1950-03-13,0,0,2,139012,61.9,8363,2.52,3.49,108,2564,2799,0.97,3.005,235,2681.5,0.0192897016084942,0,103617.9,3,47302.5463414634,41
13015.0266748654,20,5176,192552,24,8023,-1,1963-12-31,0,0,6,70646,58.4,8547,2.65,3.64,120,1563,1542,0.99,3.145,-21,1552.5,0.0219757664977493,0,48763,3,23979.0117647059,51
12658.2467643,11,5189,149040,48,3105,1,1968-12-20,0,4397,1,75637,36.5,9622,0.45,0.59,154,3475,3529,0.14,0.52,54,3502,0.046300091225194,0,62241.6,2,36845.5888888889,54
28762.2069360507,65,5208,99696,48,2077,-1,1971-06-25,0,0,7,114200,43.7,8403,5.74,5.72,105,2157,2718,-0.0200000000000005,5.73,561,2437.5,0.0213441330998249,0,128659.5,2,46341.2935185185,108
14199.3815228476,62,5209,182640,48,3805,1,1942-04-19,0,61,7,145688,40.7,8544,1.29,1.86,109,2719,2906,0.57,1.575,187,2812.5,0.0193049530503542,0,63811.8,2,37802.23,40
9923.17154112448,38,5212,71064,36,1974,1,1946-10-17,0,1178,3,85852,59.8,8965,7.08,8.23,104,2653,2822,1.15,7.655,169,2737.5,0.0318862693938406,0,54673.3,2,34577.3023255814,86
11574.1022400041,19,5237,45336,24,1889,1,1957-04-29,1,5930,6,51428,52.7,8402,3.13,3.98,120,999,1099,0.85,3.555,100,1049,0.0203974488605429,0,70686,2,48152.9533333333,90
30609.3898880806,31,5269,164052,36,4557,-1,1975-09-12,0,0,8,51313,59.2,8930,3.52,4.2,108,1328,1452,0.68,3.86,124,1390,0.0270886519985189,0,114610.3,1,41752.1615384615,65
21196.6821317327,69,5282,388512,48,8094,-1,1969-03-13,0,0,4,42821,48.4,8173,7.01,7.01,124,1358,1358,0,7.01,0,1358,0.0317134116438196,0,87582.3,1,21371.32,120
7684.86970531107,31,5285,78936,12,6578,1,1957-01-22,0,2359,8,51313,59.2,8930,3.52,4.2,108,1328,1452,0.68,3.86,124,1390,0.0270886519985189,0,39660.3,2,25900.3196078431,51
17970.9789771546,68,5301,141948,36,3943,1,1950-09-26,0,0,4,228848,57.2,9893,4.09,4.72,96,5623,5887,0.63,4.405,264,5755,0.0251476962874921,0,62463.1,2,32592.68,10
10761.578895609,28,5310,248148,36,6893,1,1940-07-24,0,853,8,72541,36.9,8594,1.62,2.01,112,1580,1525,0.39,1.815,-55,1552.5,0.0214016900787141,0,66886,2,36063.7883333333,120
11270.5037458701,28,5311,30060,60,501,1,1951-09-06,1,4353,8,72541,36.9,8594,1.62,2.01,112,1580,1525,0.39,1.815,-55,1552.5,0.0214016900787141,2,68882.9,2,37213.4075268817,186
23297.6635746445,31,5312,202788,36,5633,1,1953-07-20,0,11994,8,51313,59.2,8930,3.52,4.2,108,1328,1452,0.68,3.86,124,1390,0.0270886519985189,0,138780.9,3,57124.2683544304,79
8330.8663014919,30,5314,96396,12,8033,-1,1947-07-22,0,0,8,94812,81.8,9650,3.38,3.67,100,2985,2804,0.29,3.525,-181,2894.5,0.0305288360123191,0,19000,3,12250,4
29122.0594539456,46,5316,165960,36,4610,1,1968-07-22,1,4167,2,112709,73.5,8369,1.79,2.31,117,2854,2618,0.52,2.05,-236,2736,0.0242749026253449,0,119812.8,2,52083.8594594595,37
16062.5321384148,68,5319,239460,60,3991,1,1942-09-13,0,4206,4,228848,57.2,9893,4.09,4.72,96,5623,5887,0.63,4.405,264,5755,0.0251476962874921,0,74108.8,2,40061.5804347826,46
14151.2604430371,14,5325,105804,36,2939,1,1940-04-20,0,6994,6,177686,74.8,10045,1.42,1.71,135,6604,6295,0.29,1.565,-309,6449.5,0.0362971759170672,0,64898.5,2,41297.48,25
20275.1419809661,19,5329,396120,60,6602,1,1950-01-02,0,0,6,51428,52.7,8402,3.13,3.98,120,999,1099,0.85,3.555,100,1049,0.0203974488605429,0,104359.1,3,58855.2778947368,95
24180.8889239258,32,5337,162468,36,4513,1,1957-08-23,0,0,3,105058,81,9272,2.8,3.22,118,4340,4505,0.42,3.01,165,4422.5,0.0420957947038779,0,83162.8,2,51279.5533333333,15
23021.0410612378,26,5350,249312,48,5194,1,1955-05-21,1,14164,8,170449,100,10787,2.64,3.09,131,6041,6261,0.45,2.865,220,6151,0.0360870406983907,0,87697.4,3,35914.855,60
17204.0709095607,1,5351,205200,36,5700,1,1963-01-25,0,7001,5,1204953,100,12541,0.29,0.43,167,85677,99107,0.14,0.36,13430,92392,0.0766768496364588,0,93028.5,3,58336.311627907,129
12297.1550986777,68,5352,68400,12,5700,-1,1976-06-09,0,0,4,228848,57.2,9893,4.09,4.72,96,5623,5887,0.63,4.405,264,5755,0.0251476962874921,0,50442.2,2,31793.7357142857,14
25642.0771571919,70,5366,86184,12,7182,1,1940-12-04,0,107,4,285387,89.9,10177,6.63,7.75,81,9878,10108,1.12,7.19,230,9993,0.0350156103816922,0,127846,2,60273.6785714286,42
10352.391968575,1,5375,101520,12,8460,1,1976-10-12,0,3468,5,1204953,100,12541,0.29,0.43,167,85677,99107,0.14,0.36,13430,92392,0.0766768496364588,0,42818.7,2,26449.0921052632,38
16380.594606473,1,5385,71460,36,1985,1,1980-08-31,0,7264,5,1204953,100,12541,0.29,0.43,167,85677,99107,0.14,0.36,13430,92392,0.0766768496364588,0,75703.1,2,49220.9806451613,31
17762.2246702773,31,5388,61560,12,5130,1,1943-01-04,1,1737,8,51313,59.2,8930,3.52,4.2,108,1328,1452,0.68,3.86,124,1390,0.0270886519985189,0,73359.9,3,32967.7126760563,71
13589.3839888406,16,5390,170256,24,7094,1,1965-07-16,0,5922,6,93931,56.9,8427,1.12,1.54,107,1874,1913,0.42,1.33,39,1893.5,0.0201584141550713,0,79669.8,2,40091.1831168831,77
33855.6980257672,67,5395,299088,36,8308,-1,1966-12-10,0,1085,4,106054,63.1,8110,5.77,6.55,109,3244,3079,0.78,6.16,-165,3161.5,0.0298102853263432,0,193409.9,2,51992.8547619048,126
21927.6795286742,19,5409,182040,60,3034,1,1951-03-24,0,0,6,51428,52.7,8402,3.13,3.98,120,999,1099,0.85,3.555,100,1049,0.0203974488605429,0,109847.5,2,67475.9016949153,59
26490.3161352521,31,5413,92976,24,3874,1,1970-10-07,0,13386,8,51313,59.2,8930,3.52,4.2,108,1328,1452,0.68,3.86,124,1390,0.0270886519985189,0,122042.1,3,50436.4660550459,109
31588.3799619124,34,5414,185952,48,3874,1,1945-02-22,1,4625,3,125236,87.7,9675,6.43,7.68,100,5323,5190,1.25,7.055,-133,5256.5,0.0419727554377336,0,144618.2,2,50113.1941176471,34
12989.7812150903,73,5415,139464,36,3874,-1,1958-08-12,1,0,4,182027,56.4,8746,3.33,3.74,90,4355,4433,0.41,3.535,78,4394,0.0241392760414664,0,64762.8,2,31532.7483870968,31
23422.0265006617,29,5418,347952,48,7249,1,1964-10-30,0,0,8,45714,55.6,8843,2.82,3.6,113,818,888,0.78,3.21,70,853,0.0186594916218226,0,122713.2,2,54157.1941666667,120
15288.6889647388,1,5429,20196,36,561,1,1971-02-25,1,5742,5,1204953,100,12541,0.29,0.43,167,85677,99107,0.14,0.36,13430,92392,0.0766768496364588,0,76958.8,2,52636.5989583333,96
20752.0889350489,33,5445,46320,24,1930,1,1979-02-14,1,3359,3,133777,84.7,8705,5.75,7.61,116,4650,4859,1.86,6.68,209,4754.5,0.0355404890227767,0,118992.5,2,43657.8134831461,178
7892.72182874921,68,5449,99336,24,4139,1,1980-07-09,0,4723,4,228848,57.2,9893,4.09,4.72,96,5623,5887,0.63,4.405,264,5755,0.0251476962874921,0,46268,2,27019.5711538462,52
11909.1687727066,52,5450,199680,60,3328,1,1949-05-23,1,3612,2,139012,61.9,8363,2.52,3.49,108,2564,2799,0.97,3.005,235,2681.5,0.0192897016084942,0,61738.8,2,33658.6175675676,74
12804.4639168701,70,5452,49440,60,824,1,1966-10-06,0,5581,4,285387,89.9,10177,6.63,7.75,81,9878,10108,1.12,7.19,230,9993,0.0350156103816922,0,74119.8,2,47798.8654545455,110
6686.14559025204,28,5453,156672,36,4352,1,1956-04-25,0,4613,8,72541,36.9,8594,1.62,2.01,112,1580,1525,0.39,1.815,-55,1552.5,0.0214016900787141,0,41376.9,2,22927.5026666667,75
24705.82136034,43,5464,95808,12,7984,1,1940-09-07,1,0,2,161854,76.3,9425,1.72,2.5,125,4085,3891,0.78,2.11,-194,3988,0.0246394899106602,0,121552.2,2,59701.7866666667,90
18916.9395762718,65,5470,200976,48,4187,1,1955-02-20,1,9554,7,114200,43.7,8403,5.74,5.72,105,2157,2718,-0.0200000000000005,5.73,561,2437.5,0.0213441330998249,0,82953.5,2,47938.0657142857,35
29534.2181133033,1,5479,24516,12,2043,1,1958-10-07,1,0,5,1204953,100,12541,0.29,0.43,167,85677,99107,0.14,0.36,13430,92392,0.0766768496364588,0,125054.2,2,55582.2260273973,73
6878.83656641474,51,5482,165120,60,2752,1,1950-03-18,0,4982,2,121947,70.5,8541,2.51,2.97,131,3496,3839,0.46,2.74,343,3667.5,0.030074540579104,0,36846.3,2,24377.3715517241,116
26193.2113809294,64,5494,360000,48,7500,1,1973-03-07,0,0,7,197099,74.7,9624,1.6,2.31,145,4484,4265,0.71,1.955,-219,4374.5,0.0221944302101989,0,125472,1,51149.6551470588,136
10748.387757632,60,5495,89340,60,1489,1,1971-11-12,0,5016,7,110643,51.9,8441,3.45,4.48,115,1879,2252,1.03,3.965,373,2065.5,0.0186681489113636,0,53520.1,2,39644.7636363636,44
10641.4227535957,52,5519,91632,12,7636,1,1962-12-28,0,3532,2,139012,61.9,8363,2.52,3.49,108,2564,2799,0.97,3.005,235,2681.5,0.0192897016084942,0,63877.8,2,40976.9428571429,70
14598.865783435,63,5523,93888,36,2608,1,1950-10-20,0,0,7,86513,50.5,8288,3.79,4.52,110,1562,1460,0.73,4.155,-102,1511,0.0174655832071481,0,51778.2,1,37510.4947368421,19
26285.8630675545,11,5533,111384,24,4641,1,1967-02-10,1,6892,1,75637,36.5,9622,0.45,0.59,154,3475,3529,0.14,0.52,54,3502,0.046300091225194,0,140886,2,65097.2243421053,152
10371.1237818631,11,5549,50460,60,841,1,1947-10-17,0,7289,1,75637,36.5,9622,0.45,0.59,154,3475,3529,0.14,0.52,54,3502,0.046300091225194,0,51171.4,2,37570.6279069767,43
27227.8660788503,74,5563,380160,60,6336,1,1949-12-15,1,0,4,323870,100,10673,4.75,5.44,100,18782,18347,0.69,5.095,-435,18564.5,0.0573208386080835,0,146275.1,2,64777.0752293578,109
24196.754530887,10,5568,272520,60,4542,1,1939-09-02,1,5907,1,92084,46.7,10124,0.56,0.54,141,3810,4316,-0.02,0.55,506,4063,0.0441227574822988,0,120791.4,2,44602.6416666667,84
28994.6264318251,1,5576,31248,12,2604,1,1939-03-15,0,0,5,1204953,100,12541,0.29,0.43,167,85677,99107,0.14,0.36,13430,92392,0.0766768496364588,0,143715.3,2,64493.0991666667,120
19512.7909722538,77,5586,48744,36,1354,1,1964-04-14,0,0,4,148545,53.5,8909,4.01,5.56,113,3460,3590,1.55,4.785,130,3525,0.0237301827728971,0,61991.3,2,42930.2071428571,14
13711.0944582933,10,5591,155616,48,3242,1,1959-10-25,0,0,1,92084,46.7,10124,0.56,0.54,141,3810,4316,-0.02,0.55,506,4063,0.0441227574822988,0,61853.6,2,39426.07,30
28041.8750797263,44,5593,277884,36,7719,-1,1980-09-17,0,6276.92307692308,2,105606,53,8254,2.79,3.76,97,2166,2325,0.97,3.275,159,2245.5,0.0212629964206579,0,128394.2,2,46487.0025641026,117
24685.921391444,49,5595,82896,12,6908,1,1972-02-06,1,9716,2,75685,60.8,8208,1.89,2.26,155,1660,2123,0.37,2.075,463,1891.5,0.0249917420889212,2,106780.9,2,57141.730952381,126
7049.35098797991,1,5599,15420,12,1285,1,1965-06-04,0,1455,5,1204953,100,12541,0.29,0.43,167,85677,99107,0.14,0.36,13430,92392,0.0766768496364588,0,40137.4,2,24577.2,151
24704.3850183754,59,5606,253512,36,7042,-1,1945-08-07,0,9900,7,108871,62.1,8444,3.24,3.47,106,2595,2305,0.23,3.355,-290,2450,0.0225036970359416,0,110744.2,3,37095.8448275862,29
28089.5246363499,38,5610,123216,48,2567,1,1977-08-12,0,1468,3,85852,59.8,8965,7.08,8.23,104,2653,2822,1.15,7.655,169,2737.5,0.0318862693938406,0,137733.7,2,70622.83359375,128
21716.7502502962,14,5611,321180,60,5353,1,1936-09-07,1,14723,6,177686,74.8,10045,1.42,1.71,135,6604,6295,0.29,1.565,-309,6449.5,0.0362971759170672,0,89557.3,2,40524.4631578947,38
21147.0807028478,59,5624,177744,48,3703,-1,1972-03-13,1,0,7,108871,62.1,8444,3.24,3.47,106,2595,2305,0.23,3.355,-290,2450,0.0225036970359416,0,92219,2,26746.5252631579,95
26510.559286204,29,5625,222180,60,3703,-1,1939-03-20,1,0,8,45714,55.6,8843,2.82,3.6,113,818,888,0.78,3.21,70,853,0.0186594916218226,0,129859.1,2,55230.4440677966,59
30287.2146676703,1,5635,77184,36,2144,1,1954-12-09,0,0,5,1204953,100,12541,0.29,0.43,167,85677,99107,0.14,0.36,13430,92392,0.0766768496364588,0,142717.9,2,50722.2701298701,77
8705.18353992897,63,5657,4980,12,415,1,1952-07-26,0,489,7,86513,50.5,8288,3.79,4.52,110,1562,1460,0.73,4.155,-102,1511,0.0174655832071481,0,40306.2,2,30533.3717391304,46
11906.808161813,9,5693,44088,24,1837,1,1951-06-25,0,3373,1,81344,55.3,8899,3.39,3.97,149,2987,2487,0.58,3.68,-500,2737,0.0336472265932337,0,54576.8,2,36548.81875,32
19260.5462439382,72,5706,161496,36,4486,1,1971-07-24,1,3124,4,226122,62.6,8994,3.8,4.79,110,9672,9208,0.99,4.295,-464,9440,0.041747375310673,0,113365.5,3,33219.9,130
8944.71531123884,48,5713,158760,60,2646,1,1978-01-31,1,1894,2,78955,59,9060,1.78,2.44,124,1655,1717,0.66,2.11,62,1686,0.0213539357862073,0,58998.4,2,24908.7614457831,166
27950.2106897095,38,5723,23628,12,1969,1,1954-03-09,1,9503,3,85852,59.8,8965,7.08,8.23,104,2653,2822,1.15,7.655,169,2737.5,0.0318862693938406,0,139228.7,2,47420.8418181818,110
6901.26079064652,1,5724,316140,60,5269,-1,1968-02-22,1,5827.77777777778,5,1204953,100,12541,0.29,0.43,167,85677,99107,0.14,0.36,13430,92392,0.0766768496364588,0,38816.2,2,18632.9338129496,139
11798.8301963365,64,5725,444864,48,9268,1,1964-03-29,1,3869,7,197099,74.7,9624,1.6,2.31,145,4484,4265,0.71,1.955,-219,4374.5,0.0221944302101989,0,62103.5,2,32404.7734375,64
8289.78009371184,1,5739,76380,12,6365,1,1957-06-28,0,2389,5,1204953,100,12541,0.29,0.43,167,85677,99107,0.14,0.36,13430,92392,0.0766768496364588,0,40603.3,2,26122.8488888889,45
14265.870341694,1,5740,18564,12,1547,1,1963-02-04,0,0,5,1204953,100,12541,0.29,0.43,167,85677,99107,0.14,0.36,13430,92392,0.0766768496364588,0,56298.4,2,35538.0461538462,13
20196.0740707449,37,5741,68544,24,2856,1,1976-09-16,1,3976,3,114006,62.3,9065,4.46,5.39,123,4147,4166,0.93,4.925,19,4156.5,0.0364586074417136,0,93307.7,3,44948.6259259259,54
18482.2989464827,7,5750,63252,12,5271,1,1949-06-24,0,643,1,94725,63.4,9920,2.26,2.87,130,4289,4846,0.61,2.565,557,4567.5,0.0482185273159145,0,73245.5,2,49291.8225609756,164
8912.01935825443,54,5754,23052,12,1921,1,1940-11-01,0,3114,7,387570,100,9897,1.6,1.96,140,18721,18696,0.36,1.78,-25,18708.5,0.0482712800268339,0,53621.8,2,23771.9660818713,171
23319.3381850464,52,5804,158976,48,3312,1,1939-01-09,1,5009,2,139012,61.9,8363,2.52,3.49,108,2564,2799,0.97,3.005,235,2681.5,0.0192897016084942,0,129693.2,2,49916.091025641,156
11982.1017548871,11,5805,137904,24,5746,-1,1968-05-06,1,0,1,75637,36.5,9622,0.45,0.59,154,3475,3529,0.14,0.52,54,3502,0.046300091225194,0,42659.7,2,26886.1916666667,12
29061.5370551754,66,5836,79632,24,3318,1,1959-08-10,0,9516,7,125832,48.3,8512,3.51,4.12,102,2247,2103,0.61,3.815,-144,2175,0.0172849513637231,0,118473.5,2,63494.2,16
15757.722747156,58,5837,244560,60,4076,1,1967-07-19,0,12006,7,109164,63.6,8757,3.38,3.95,96,2212,2471,0.57,3.665,259,2341.5,0.0214493789161262,0,71512.5,2,38426.7285714286,42
27533.4936541272,29,5861,51408,24,2142,1,1949-07-24,1,0,8,45714,55.6,8843,2.82,3.6,113,818,888,0.78,3.21,70,853,0.0186594916218226,0,136187.2,2,52299.2859375,64
18388.5280031,74,5876,221280,48,4610,1,1968-03-28,1,7802,4,323870,100,10673,4.75,5.44,100,18782,18347,0.69,5.095,-435,18564.5,0.0573208386080835,0,105044.8,3,37596.9323943662,71
7476.93779226286,17,5877,97224,24,4051,1,1951-04-07,0,3716,6,74062,61.4,8114,2.38,2.62,119,1003,1181,0.24,2.5,178,1092,0.0147444033377441,0,42393,2,22360.5366071429,112
32965.1457780967,39,5880,73836,36,2051,1,1967-05-29,0,0,3,119895,89.9,10446,7.34,9.4,90,4947,4743,2.06,8.37,-204,4845,0.0404103590641812,0,128707.8,2,55315.1684210526,19
6896.75358541,1,5882,87816,12,7318,1,1961-05-02,1,5005,5,1204953,100,12541,0.29,0.43,167,85677,99107,0.14,0.36,13430,92392,0.0766768496364588,0,42642.2,2,25533.2142857143,84
28733.3431882516,62,5886,192744,36,5354,1,1964-03-14,1,0,7,145688,40.7,8544,1.29,1.86,109,2719,2906,0.57,1.575,187,2812.5,0.0193049530503542,0,128578.8,2,62590.4230769231,26
16917.1617941261,60,5887,192744,36,5354,1,1971-09-20,0,0,7,110643,51.9,8441,3.45,4.48,115,1879,2252,1.03,3.965,373,2065.5,0.0186681489113636,0,120808.1,2,37265.6552631579,76
21490.6264629644,73,5892,66480,24,2770,-1,1935-07-21,1,0,4,182027,56.4,8746,3.33,3.74,90,4355,4433,0.41,3.535,78,4394,0.0241392760414664,0,76651,3,34798.28,10
7237.18098879355,24,5897,15192,24,633,1,1972-12-27,0,3195,8,122603,80,8991,1.39,2.01,128,5198,5273,0.62,1.7,75,5235.5,0.0427028702397168,0,47657.1,2,29941.9053254438,169
30587.6036432061,50,5900,135360,48,2820,1,1975-09-24,1,0,2,102609,52,8187,4.83,5.45,94,2123,2134,0.62,5.14,11,2128.5,0.0207437944039996,2,146279.5,2,64881.3142857143,77
11447.5474997358,57,5918,300204,36,8339,1,1964-03-13,1,5725,7,161954,48,8720,3.73,4.5,116,3729,3651,0.77,4.115,-78,3690,0.0227842473788854,0,57376.7,2,34084.4605633803,71
25420.7275660302,9,5922,20220,12,1685,1,1973-05-15,0,8723,1,81344,55.3,8899,3.39,3.97,149,2987,2487,0.58,3.68,-500,2737,0.0336472265932337,0,122406.7,2,41077.6352941176,51
11814.9711817702,27,5923,64656,48,1347,1,1947-03-19,1,0,8,67298,43.8,8561,0.65,1.29,110,1029,1127,0.64,0.97,98,1078,0.0160183066361556,0,44549,2,25896.4666666667,12
7900.83174172206,4,5938,402000,60,6700,1,1980-08-06,1,554,1,149893,67.4,9753,4.64,5.05,109,5244,5892,0.41,4.845,648,5568,0.0371464978351224,0,35450.8,2,21568.9351851852,54
22727.6702252298,2,5959,107640,24,4485,1,1959-11-22,0,3580,1,88884,46.7,8507,1.67,1.85,132,2159,2674,0.18,1.76,515,2416.5,0.027187120291616,0,107183.7,2,50214.5043478261,23
13613.1005661918,66,5970,465072,48,9689,1,1948-05-08,1,6084.61538461538,7,125832,48.3,8512,3.51,4.12,102,2247,2103,0.61,3.815,-144,2175,0.0172849513637231,0,79257.6,2,27778.745631068,103
7990.97115123813,15,5980,21396,12,1783,1,1968-09-09,1,0,6,58796,51.9,9045,3.13,3.6,124,1845,1879,0.47,3.365,34,1862,0.0316688210082319,0,45848.9,2,30812.9461538462,78
32279.9221627744,52,5988,141648,24,5902,1,1952-07-17,1,0,2,139012,61.9,8363,2.52,3.49,108,2564,2799,0.97,3.005,235,2681.5,0.0192897016084942,0,123110.1,2,45100.4222222222,18
7864.49589327442,47,5989,213300,36,5925,1,1964-04-22,1,4794,2,162580,72.8,9538,1.51,1.81,111,6079,5410,0.3,1.66,-669,5744.5,0.0353333743387871,0,42043.7,2,27951.913559322,59
19844.2475911528,14,5997,117024,24,4876,1,1935-10-03,1,0,6,177686,74.8,10045,1.42,1.71,135,6604,6295,0.29,1.565,-309,6449.5,0.0362971759170672,0,76185.2,2,44131.1692307692,13
12078.5510197319,42,5999,98832,48,2059,1,1970-09-10,0,3938,2,95907,59.1,8388,2.41,2.94,87,1658,1668,0.53,2.675,10,1663,0.0173397145151032,0,62595.4,2,31814.2683615819,177
23416.5632154416,50,6004,143904,24,5996,1,1951-04-10,1,2687,2,102609,52,8187,4.83,5.45,94,2123,2134,0.62,5.14,11,2128.5,0.0207437944039996,0,133871.2,2,49727.4561151079,139
24143.8743968576,43,6006,359760,60,5996,1,1979-05-31,1,4710,2,161854,76.3,9425,1.72,2.5,125,4085,3891,0.78,2.11,-194,3988,0.0246394899106602,0,126907.6,2,32434.69375,48
14278.2257370368,54,6011,179328,48,3736,1,1973-11-21,1,4930,7,387570,100,9897,1.6,1.96,140,18721,18696,0.36,1.78,-25,18708.5,0.0482712800268339,0,81414.7,2,44093.9711538462,52
17230.1596177507,1,6012,258444,36,7179,1,1966-05-27,1,0,5,1204953,100,12541,0.29,0.43,167,85677,99107,0.14,0.36,13430,92392,0.0766768496364588,0,61190.4,3,40688.1375,16
17311.1197155447,20,6013,128988,36,3583,-1,1939-08-15,1,0,6,70646,58.4,8547,2.65,3.64,120,1563,1542,0.99,3.145,-21,1552.5,0.0219757664977493,0,78229,3,34740.7024390244,82
28391.5690857361,53,6015,110112,24,4588,1,1963-10-12,1,9292,7,107911,50.9,8240,2.53,3.56,99,1850,1903,1.03,3.045,53,1876.5,0.0173893300960977,0,134958.1,2,76232.7,82
6234.41540799534,54,6019,11400,12,950,1,1980-04-30,0,1820,7,387570,100,9897,1.6,1.96,140,18721,18696,0.36,1.78,-25,18708.5,0.0482712800268339,0,39214.1,2,27533.6636363636,77
24849.149080235,13,6027,61656,24,2569,-1,1953-12-25,0,0,1,53921,41.3,8598,2.77,3.26,123,1597,1875,0.49,3.015,278,1736,0.0321952486044398,0,88856.9,3,44763.4583333333,12
26516.4280016284,1,6038,323472,48,6739,1,1940-10-15,0,3008,5,1204953,100,12541,0.29,0.43,167,85677,99107,0.14,0.36,13430,92392,0.0766768496364588,0,119734.1,2,45414.0736842105,57
9092.64521654937,58,6043,20352,48,424,1,1948-03-05,0,4208,7,109164,63.6,8757,3.38,3.95,96,2212,2471,0.57,3.665,259,2341.5,0.0214493789161262,0,44027.9,2,31814.4145833333,48
27435.7031200293,1,6063,320976,48,6687,-1,1936-08-09,1,0,5,1204953,100,12541,0.29,0.43,167,85677,99107,0.14,0.36,13430,92392,0.0766768496364588,0,129775,2,49482.968,50
9015.76816505543,55,6064,14628,12,1219,1,1949-03-08,0,2,7,157042,33.9,8743,1.88,2.43,111,3659,3894,0.55,2.155,235,3776.5,0.0240477069828454,0,51984.7,2,32788.1421568627,102
24967.3908398702,77,6066,173808,24,7242,1,1957-01-27,0,0,4,148545,53.5,8909,4.01,5.56,113,3460,3590,1.55,4.785,130,3525,0.0237301827728971,0,133416.6,1,61218.6586666667,75
30034.3134358623,72,6072,193968,36,5388,1,1972-12-03,1,0,4,226122,62.6,8994,3.8,4.79,110,9672,9208,0.99,4.295,-464,9440,0.041747375310673,0,119767.3,1,63579.2172413793,29
6720.21750579642,64,6073,276300,60,4605,1,1976-07-06,1,3950,7,197099,74.7,9624,1.6,2.31,145,4484,4265,0.71,1.955,-219,4374.5,0.0221944302101989,0,40255,2,25997.5630434783,92
24870.2329276802,44,6077,79608,24,3317,1,1970-04-28,1,0,2,105606,53,8254,2.79,3.76,97,2166,2325,0.97,3.275,159,2245.5,0.0212629964206579,0,125025.7,2,69954.5716981132,53
30520.9608072814,40,6087,300660,60,5011,1,1950-01-07,1,5791,3,128118,85.3,9317,6.49,7.07,97,6949,6872,0.58,6.78,-77,6910.5,0.0539385566430946,0,134375.2,2,45854.8909090909,66
10432.3446424138,44,6103,149340,60,2489,1,1963-02-01,1,8754,2,105606,53,8254,2.79,3.76,97,2166,2325,0.97,3.275,159,2245.5,0.0212629964206579,0,52714,3,29069.1160714286,56
28681.8083833356,66,6109,368880,60,6148,1,1974-08-04,1,832,7,125832,48.3,8512,3.51,4.12,102,2247,2103,0.61,3.815,-144,2175,0.0172849513637231,0,149962.3,2,60030.7434065934,182
28302.6531429868,24,6111,174744,24,7281,-1,1948-08-12,0,4650,8,122603,80,8991,1.39,2.01,128,5198,5273,0.62,1.7,75,5235.5,0.0427028702397168,0,104628,2,37485.45625,32
23430.5219183994,5,6112,174744,24,7281,-1,1978-11-21,0,8110,1,95616,51.4,9307,3.85,4.43,118,2616,3040,0.58,4.14,424,2828,0.029576639892905,0,98028.6,2,26252.8144067797,118
19403.3349506139,1,6120,209184,48,4358,1,1953-06-18,1,0,5,1204953,100,12541,0.29,0.43,167,85677,99107,0.14,0.36,13430,92392,0.0766768496364588,0,109583.8,2,46230.3397058824,68
7545.46631844196,43,6130,32640,48,680,1,1942-10-15,1,3114,2,161854,76.3,9425,1.72,2.5,125,4085,3891,0.78,2.11,-194,3988,0.0246394899106602,0,42906,2,25906.4093457944,107
22661.8837804567,13,6137,44628,12,3719,1,1943-11-26,1,11878,1,53921,41.3,8598,2.77,3.26,123,1597,1875,0.49,3.015,278,1736,0.0321952486044398,0,111789.5,3,49477.3212328767,146
28278.2450646163,15,6144,44376,12,3698,1,1962-05-23,1,6049,6,58796,51.9,9045,3.13,3.6,124,1845,1879,0.47,3.365,34,1862,0.0316688210082319,0,123290,2,53505.2153846154,39
25921.0441064247,57,6150,83016,12,6918,1,1979-03-26,1,6327,7,161954,48,8720,3.73,4.5,116,3729,3651,0.77,4.115,-78,3690,0.0227842473788854,0,135736.6,2,67891.9352040816,196
9614.3623318295,61,6151,225420,60,3757,1,1948-08-03,0,0,7,117897,53.8,8814,4.76,5.74,107,2112,2059,0.98,5.25,-53,2085.5,0.0176891693596953,0,53071.6,2,31185.1568627451,51
26473.4218237354,5,6153,285600,60,4760,1,1980-12-07,0,0,1,95616,51.4,9307,3.85,4.43,118,2616,3040,0.58,4.14,424,2828,0.029576639892905,0,124977.1,3,49651.8918367347,49
19656.2943813719,10,6157,98592,24,4108,1,1963-12-24,0,10530,1,92084,46.7,10124,0.56,0.54,141,3810,4316,-0.02,0.55,506,4063,0.0441227574822988,0,77813.7,1,54128.5653846154,26
9371.38757971168,42,6169,103680,60,1728,-1,1971-06-24,1,0,2,95907,59.1,8388,2.41,2.94,87,1658,1668,0.53,2.675,10,1663,0.0173397145151032,0,46020.1,2,28250.1091743119,109
31590.3305958896,52,6175,290700,60,4845,-1,1959-02-27,0,0,2,139012,61.9,8363,2.52,3.49,108,2564,2799,0.97,3.005,235,2681.5,0.0192897016084942,0,132451.5,2,59647.424,100
26204.0306754661,74,6178,232560,48,4845,1,1970-01-29,0,0,4,323870,100,10673,4.75,5.44,100,18782,18347,0.69,5.095,-435,18564.5,0.0573208386080835,0,102065.9,1,63188.6333333333,27
15340.9509716157,1,6185,31176,24,1299,1,1968-01-29,1,1413,5,1204953,100,12541,0.29,0.43,167,85677,99107,0.14,0.36,13430,92392,0.0766768496364588,0,65069.6,2,46304.152173913,23
23277.8730933322,70,6190,123600,60,2060,1,1967-06-30,1,0,4,285387,89.9,10177,6.63,7.75,81,9878,10108,1.12,7.19,230,9993,0.0350156103816922,0,104955.7,2,39514.6775510204,49
18172.7682504688,3,6202,65184,12,5432,1,1957-09-29,1,0,1,75232,41.7,8980,1.95,2.21,111,2824,2813,0.26,2.08,-11,2818.5,0.0374641110165887,0,101510.3,2,47426.55,82
8425.33267236824,15,6210,87216,48,1817,-1,1964-05-13,1,5050,6,58796,51.9,9045,3.13,3.6,124,1845,1879,0.47,3.365,34,1862,0.0316688210082319,0,41210,2,28362.2484848485,33
19476.2939912246,50,6216,141240,24,5885,1,1962-09-11,1,3028,2,102609,52,8187,4.83,5.45,94,2123,2134,0.62,5.14,11,2128.5,0.0207437944039996,0,106784.1,2,57219.5745098039,102
9064.78033824496,57,6223,61056,48,1272,1,1957-09-06,0,1978,7,161954,48,8720,3.73,4.5,116,3729,3651,0.77,4.115,-78,3690,0.0227842473788854,0,54916,2,36039.0515625,64
11726.6176071652,47,6227,28248,24,1177,1,1970-02-10,0,0,2,162580,72.8,9538,1.51,1.81,111,6079,5410,0.3,1.66,-669,5744.5,0.0353333743387871,0,69493,2,45582.4489361702,94
27848.6867075738,77,6228,464520,60,7742,-1,1940-12-02,0,0,4,148545,53.5,8909,4.01,5.56,113,3460,3590,1.55,4.785,130,3525,0.0237301827728971,0,125743.1,3,51760.0161764706,68
11703.0397710468,1,6229,11736,24,489,1,1938-09-16,1,2635,5,1204953,100,12541,0.29,0.43,167,85677,99107,0.14,0.36,13430,92392,0.0766768496364588,0,69726.8,2,42224.4390977444,133
6029.33831266494,56,6232,276660,36,7685,-1,1949-05-18,1,3128.57142857143,7,124605,46,8772,4.69,4.98,126,2854,3158,0.29,4.835,304,3006,0.0241242325749368,0,32220.4,2,19256.8948275862,58
29717.3445728698,1,6244,270648,36,7518,-1,1937-11-04,1,5700,5,1204953,100,12541,0.29,0.43,167,85677,99107,0.14,0.36,13430,92392,0.0766768496364588,0,134301.4,3,60819.9763888889,72
12827.1939141715,74,6253,59760,24,2490,1,1958-11-26,1,7847,4,323870,100,10673,4.75,5.44,100,18782,18347,0.69,5.095,-435,18564.5,0.0573208386080835,0,69343.1,2,40204.4648148148,54
21947.8810920456,74,6272,398640,60,6644,1,1960-02-09,0,0,4,323870,100,10673,4.75,5.44,100,18782,18347,0.69,5.095,-435,18564.5,0.0573208386080835,0,121289.5,3,63383.5755813954,86
13552.4494898524,38,6279,87360,24,3640,1,1962-07-10,1,0,3,85852,59.8,8965,7.08,8.23,104,2653,2822,1.15,7.655,169,2737.5,0.0318862693938406,0,68974.6,2,36783.95,30
26945.9103806775,64,6283,85632,48,1784,1,1949-04-07,0,0,7,197099,74.7,9624,1.6,2.31,145,4484,4265,0.71,1.955,-219,4374.5,0.0221944302101989,0,155704.1,2,65066.7352941177,85
11483.0132846738,26,6294,79920,60,1332,1,1953-04-05,1,586,8,170449,100,10787,2.64,3.09,131,6041,6261,0.45,2.865,220,6151,0.0360870406983907,0,73499.5,2,43846.9778947368,95
18202.5397930386,3,6296,270384,48,5633,1,1962-04-07,1,13076,1,75232,41.7,8980,1.95,2.21,111,2824,2813,0.26,2.08,-11,2818.5,0.0374641110165887,0,90594.4,2,47654.2448275862,87
9324.20998158318,12,6297,17508,12,1459,1,1946-04-01,1,0,1,107870,58,8754,3.83,4.31,137,3804,3868,0.48,4.07,64,3836,0.0355613238157041,0,53532.3,2,39290.6180555556,72
9801.68064452976,48,6302,181020,60,3017,1,1966-06-14,0,0,2,78955,59,9060,1.78,2.44,124,1655,1717,0.66,2.11,62,1686,0.0213539357862073,0,59975.3,2,34005.9064516129,93
19929.621714111,31,6303,72408,24,3017,-1,1958-06-13,0,0,8,51313,59.2,8930,3.52,4.2,108,1328,1452,0.68,3.86,124,1390,0.0270886519985189,0,82919.5,1,45099.2615384615,13
7937.35331596712,70,6306,36684,12,3057,1,1978-09-23,0,5731.25,4,285387,89.9,10177,6.63,7.75,81,9878,10108,1.12,7.19,230,9993,0.0350156103816922,0,50074.2,2,30229.7976,125
29147.9849170016,1,6309,110136,24,4589,1,1958-02-24,0,4891,5,1204953,100,12541,0.29,0.43,167,85677,99107,0.14,0.36,13430,92392,0.0766768496364588,0,140142.8,2,50815.8047619048,63
22291.6540331866,61,6315,43164,12,3597,1,1976-01-06,0,0,7,117897,53.8,8814,4.76,5.74,107,2112,2059,0.98,5.25,-53,2085.5,0.0176891693596953,0,119271.4,2,68377.0637681159,69
23250.7804345665,4,6316,76908,12,6409,-1,1946-01-19,0,0,1,149893,67.4,9753,4.64,5.05,109,5244,5892,0.41,4.845,648,5568,0.0371464978351224,0,124902.8,2,52890.4039215686,102
27309.5010856471,38,6336,212400,36,5900,1,1966-10-24,0,0,3,85852,59.8,8965,7.08,8.23,104,2653,2822,1.15,7.655,169,2737.5,0.0318862693938406,0,132915.2,3,51034.361971831,71
34206.9874151755,16,6342,60156,36,1671,-1,1976-08-08,1,3881,6,93931,56.9,8427,1.12,1.54,107,1874,1913,0.42,1.33,39,1893.5,0.0201584141550713,0,159312.8,2,72667.6357142857,56
11195.5739582455,16,6354,22968,36,638,1,1950-07-27,0,0,6,93931,56.9,8427,1.12,1.54,107,1874,1913,0.42,1.33,39,1893.5,0.0201584141550713,0,37831,2,23324.9363636364,11
23576.7433442569,5,6356,95400,36,2650,1,1971-02-10,1,0,1,95616,51.4,9307,3.85,4.43,118,2616,3040,0.58,4.14,424,2828,0.029576639892905,0,92154.8,3,41562.3234042553,47
11727.0660486249,72,6358,137880,60,2298,-1,1963-03-12,1,0,4,226122,62.6,8994,3.8,4.79,110,9672,9208,0.99,4.295,-464,9440,0.041747375310673,0,52458.4,3,24523.0730337079,89
12938.940496291,62,6362,37908,12,3159,1,1976-05-08,0,0,7,145688,40.7,8544,1.29,1.86,109,2719,2906,0.57,1.575,187,2812.5,0.0193049530503542,0,68730.4,2,42164.0276315789,76
13195.884796079,74,6403,194880,48,4060,1,1979-12-06,1,4585,4,323870,100,10673,4.75,5.44,100,18782,18347,0.69,5.095,-435,18564.5,0.0573208386080835,0,70838.8,2,36421.4256637168,113
17426.036797827,41,6407,25944,24,1081,1,1960-05-21,0,0,3,118650,85.6,9832,3.32,4.48,114,6445,5471,1.16,3.9,-974,5958,0.0502149178255373,0,79555.2,2,56927.4540540541,37
22929.2438140538,38,6421,96768,36,2688,1,1968-01-06,0,13167,3,85852,59.8,8965,7.08,8.23,104,2653,2822,1.15,7.655,169,2737.5,0.0318862693938406,0,116930.9,2,51611.3424242424,66
23888.3215594482,46,6456,47016,12,3918,1,1957-12-31,0,14581,2,112709,73.5,8369,1.79,2.31,117,2854,2618,0.52,2.05,-236,2736,0.0242749026253449,0,112701.6,1,60382.0857142857,42
5423.58757653173,55,6460,48672,36,1352,1,1948-05-02,0,2683,7,157042,33.9,8743,1.88,2.43,111,3659,3894,0.55,2.155,235,3776.5,0.0240477069828454,0,33184.4,2,23050.1896907217,97
30062.3897433142,12,6461,74124,36,2059,1,1939-04-13,0,1080,1,107870,58,8754,3.83,4.31,137,3804,3868,0.48,4.07,64,3836,0.0355613238157041,0,159365.9,3,54371.2991803279,122
13513.4703010347,5,6471,155640,24,6485,1,1943-01-07,0,3434,1,95616,51.4,9307,3.85,4.43,118,2616,3040,0.58,4.14,424,2828,0.029576639892905,0,72338.9,2,45183.3495238095,105
6107.70691624117,49,6474,63360,60,1056,1,1955-08-14,1,5394,2,75685,60.8,8208,1.89,2.26,155,1660,2123,0.37,2.075,463,1891.5,0.0249917420889212,0,40033.8,2,29108.3638655462,119
12270.8957420796,1,6499,80952,24,3373,1,1945-02-04,1,7266,5,1204953,100,12541,0.29,0.43,167,85677,99107,0.14,0.36,13430,92392,0.0766768496364588,0,66429.6,2,33312.5388888889,54
12216.3463270595,21,6501,30276,12,2523,-1,1939-04-23,0,14900,6,103347,67,9104,1.51,2.07,123,2299,2354,0.56,1.79,55,2326.5,0.0225115387964818,0,57621.4,2,31318.872826087,92
24131.838911621,64,6509,55368,24,2307,1,1939-12-25,0,0,7,197099,74.7,9624,1.6,2.31,145,4484,4265,0.71,1.955,-219,4374.5,0.0221944302101989,0,113150.7,2,46061.3193877551,98
5522.43286901478,31,6512,63312,48,1319,1,1956-05-07,0,2306,8,51313,59.2,8930,3.52,4.2,108,1328,1452,0.68,3.86,124,1390,0.0270886519985189,0,30962.9,2,22551.7792682927,82
15743.4335553044,39,6520,91200,24,3800,1,1955-08-26,0,10279,3,119895,89.9,10446,7.34,9.4,90,4947,4743,2.06,8.37,-204,4845,0.0404103590641812,0,76036.9,2,32558.5333333333,36
16205.7218110815,63,6526,288468,36,8013,1,1958-10-26,0,0,7,86513,50.5,8288,3.79,4.52,110,1562,1460,0.73,4.155,-102,1511,0.0174655832071481,0,71339.2,2,36999.5235294118,17
13263.3487517078,43,6535,41952,12,3496,1,1972-12-10,1,3861,2,161854,76.3,9425,1.72,2.5,125,4085,3891,0.78,2.11,-194,3988,0.0246394899106602,0,71027,2,41502.0257142857,105
20963.7284754465,72,6540,309600,48,6450,1,1975-06-26,1,0,4,226122,62.6,8994,3.8,4.79,110,9672,9208,0.99,4.295,-464,9440,0.041747375310673,0,111963.1,3,58185.5892857143,56
26747.6519343773,21,6545,191880,60,3198,1,1949-03-08,1,4268,6,103347,67,9104,1.51,2.07,123,2299,2354,0.56,1.79,55,2326.5,0.0225115387964818,0,128139.4,2,53685.7862068966,87
9913.02291629028,1,6546,31728,24,1322,1,1950-04-10,1,6020,5,1204953,100,12541,0.29,0.43,167,85677,99107,0.14,0.36,13430,92392,0.0766768496364588,0,55522.8,2,31139.7478632479,117
21161.1082372356,62,6550,320592,48,6679,1,1970-11-09,0,0,7,145688,40.7,8544,1.29,1.86,109,2719,2906,0.57,1.575,187,2812.5,0.0193049530503542,2,117327.8,2,60781.3068181818,88
26115.0300582261,74,6577,51696,24,2154,1,1968-01-28,0,0,4,323870,100,10673,4.75,5.44,100,18782,18347,0.69,5.095,-435,18564.5,0.0573208386080835,2,123739.4,2,58226.5049019608,102
16237.3338015726,52,6578,27984,12,2332,1,1949-02-16,1,8217,2,139012,61.9,8363,2.52,3.49,108,2564,2799,0.97,3.005,235,2681.5,0.0192897016084942,0,81852.4,3,30639.8631578947,76
23182.3966120405,23,6580,196080,48,4085,1,1958-05-27,1,0,8,87419,85.5,8624,1.79,2.66,102,2879,3198,0.87,2.225,319,3038.5,0.0347578901611778,0,96557.4,2,49143.9659574468,47
25895.9123556906,64,6585,372120,60,6202,1,1945-01-26,1,0,7,197099,74.7,9624,1.6,2.31,145,4484,4265,0.71,1.955,-219,4374.5,0.0221944302101989,0,127995.4,2,64044.0459302326,172
23400.6344403618,19,6589,189696,24,7904,1,1945-09-24,1,1475,6,51428,52.7,8402,3.13,3.98,120,999,1099,0.85,3.555,100,1049,0.0203974488605429,0,124686.9,3,54137.1056179775,89
5923.77470848619,38,6591,20832,48,434,1,1948-05-04,1,1953,3,85852,59.8,8965,7.08,8.23,104,2653,2822,1.15,7.655,169,2737.5,0.0318862693938406,0,41497.9,2,21368.9099337748,151
8889.03819319053,60,6594,189696,24,7904,-1,1970-02-19,0,0,7,110643,51.9,8441,3.45,4.48,115,1879,2252,1.03,3.965,373,2065.5,0.0186681489113636,0,21900,2,14900,5
18234.7410890329,33,6596,91584,24,3816,1,1951-11-16,0,0,3,133777,84.7,8705,5.75,7.61,116,4650,4859,1.86,6.68,209,4754.5,0.0355404890227767,0,82039.4,2,50765.4161290323,31
19532.4684934742,35,6598,68112,12,5676,1,1977-11-30,0,8157,3,88768,80.5,8867,1.02,1.21,130,3384,3620,0.19,1.115,236,3502,0.0394511535688536,0,111288.8,2,47220.1340136054,147
20598.0023080414,52,6599,72120,12,6010,1,1952-11-10,0,0,2,139012,61.9,8363,2.52,3.49,108,2564,2799,0.97,3.005,235,2681.5,0.0192897016084942,0,108338.9,2,75686.0656862745,102
15001.8555730028,34,6600,21852,36,607,1,1954-12-05,1,0,3,125236,87.7,9675,6.43,7.68,100,5323,5190,1.25,7.055,-133,5256.5,0.0419727554377336,0,60163.2,2,38509.05,18
24271.6240579839,69,6613,84120,24,3505,1,1950-03-02,0,0,4,42821,48.4,8173,7.01,7.01,124,1358,1358,0,7.01,0,1358,0.0317134116438196,0,88670.9,3,56910.6894736842,19
19235.7296006123,55,6624,71460,12,5955,1,1945-08-03,1,7268,7,157042,33.9,8743,1.88,2.43,111,3659,3894,0.55,2.155,235,3776.5,0.0240477069828454,0,82349,2,47991.5302325581,43
23174.9518368682,27,6642,77640,12,6470,1,1967-07-10,1,0,8,67298,43.8,8561,0.65,1.29,110,1029,1127,0.64,0.97,98,1078,0.0160183066361556,0,116789.5,3,55570.305,60
21469.6303402672,9,6644,93600,24,3900,1,1972-06-23,1,1074,1,81344,55.3,8899,3.39,3.97,149,2987,2487,0.58,3.68,-500,2737,0.0336472265932337,0,95208.3,2,40078.7072727273,55
18981.7909761338,74,6645,140400,36,3900,1,1941-10-15,1,0,4,323870,100,10673,4.75,5.44,100,18782,18347,0.69,5.095,-435,18564.5,0.0573208386080835,0,114600.2,2,43563.62,45
16039.8608356021,31,6647,208320,48,4340,1,1968-04-14,0,0,8,51313,59.2,8930,3.52,4.2,108,1328,1452,0.68,3.86,124,1390,0.0270886519985189,0,82781.9,3,43944.8894117647,85
24439.8771809198,24,6650,49320,12,4110,-1,1945-10-03,0,695,8,122603,80,8991,1.39,2.01,128,5198,5273,0.62,1.7,75,5235.5,0.0427028702397168,0,125933,1,46576.2775510204,49
8426.83221179932,54,6659,56100,60,935,1,1958-07-07,1,6216,7,387570,100,9897,1.6,1.96,140,18721,18696,0.36,1.78,-25,18708.5,0.0482712800268339,0,44346.1,2,20158.0014705882,68
26666.1457993998,37,6667,155880,24,6495,1,1968-10-30,0,8305,3,114006,62.3,9065,4.46,5.39,123,4147,4166,0.93,4.925,19,4156.5,0.0364586074417136,0,163648.6,2,63263.1471830986,142
10605.6881129534,45,6668,74736,36,2076,1,1965-10-29,1,6184,2,77917,53.5,8390,2.28,2.89,132,2080,2122,0.61,2.585,42,2101,0.0269645905258159,0,61384,2,37912.9985074627,67
13131.9771257266,26,6676,29784,24,1241,1,1969-12-25,0,0,8,170449,100,10787,2.64,3.09,131,6041,6261,0.45,2.865,220,6151,0.0360870406983907,0,49020.3,2,27626.0833333333,12
26678.2587142345,1,6678,80340,12,6695,1,1976-02-06,0,0,5,1204953,100,12541,0.29,0.43,167,85677,99107,0.14,0.36,13430,92392,0.0766768496364588,0,121423.5,2,61531.5903846154,52
21234.8560104119,31,6686,224604,36,6239,1,1976-05-24,1,0,8,51313,59.2,8930,3.52,4.2,108,1328,1452,0.68,3.86,124,1390,0.0270886519985189,0,108978.4,2,57496.9892473118,93
20670.9773821631,13,6687,87840,24,3660,1,1980-02-16,0,0,1,53921,41.3,8598,2.77,3.26,123,1597,1875,0.49,3.015,278,1736,0.0321952486044398,0,65347.8,2,46318.5529411765,17
25288.2009752466,70,6694,134784,24,5616,1,1940-05-11,0,0,4,285387,89.9,10177,6.63,7.75,81,9878,10108,1.12,7.19,230,9993,0.0350156103816922,0,111939.2,2,44005.1127272727,55
8832.0792786139,77,6696,89040,60,1484,1,1970-01-25,0,7041,4,148545,53.5,8909,4.01,5.56,113,3460,3590,1.55,4.785,130,3525,0.0237301827728971,0,45750.2,2,30045.4,87
23168.3394450149,1,6698,247728,48,5161,1,1979-06-19,1,4104,5,1204953,100,12541,0.29,0.43,167,85677,99107,0.14,0.36,13430,92392,0.0766768496364588,0,108190.1,3,60054.734,50
12923.5603454957,48,6699,7656,24,319,1,1962-09-03,0,3708,2,78955,59,9060,1.78,2.44,124,1655,1717,0.66,2.11,62,1686,0.0213539357862073,0,72469.1,2,46444.6395061728,81
25817.7354135523,29,6704,417060,60,6951,1,1961-09-14,0,1172,8,45714,55.6,8843,2.82,3.6,113,818,888,0.78,3.21,70,853,0.0186594916218226,0,127308.6,2,58445.027027027,74
11836.4476034268,20,6712,266220,60,4437,1,1965-02-17,0,410,6,70646,58.4,8547,2.65,3.64,120,1563,1542,0.99,3.145,-21,1552.5,0.0219757664977493,0,65844.4,2,34922.88125,144
14352.078379313,20,6715,220620,60,3677,1,1943-08-15,0,5812,6,70646,58.4,8547,2.65,3.64,120,1563,1542,0.99,3.145,-21,1552.5,0.0219757664977493,0,69172.7,2,36907.45625,128
9070.83734462628,17,6721,21072,24,878,1,1964-08-09,0,0,6,74062,61.4,8114,2.38,2.62,119,1003,1181,0.24,2.5,178,1092,0.0147444033377441,0,32367,2,21575.6866666667,15
9992.57311449955,51,6725,265320,36,7370,1,1948-08-28,0,3835,2,121947,70.5,8541,2.51,2.97,131,3496,3839,0.46,2.74,343,3667.5,0.030074540579104,0,61293.3,2,35566.8810810811,148
7824.8666290422,2,6726,85860,60,1431,1,1955-10-20,0,4403,1,88884,46.7,8507,1.67,1.85,132,2159,2674,0.18,1.76,515,2416.5,0.027187120291616,0,43713.5,2,30461.4041666667,96
20930.650934413,23,6729,74688,12,6224,1,1945-01-26,0,13711,8,87419,85.5,8624,1.79,2.66,102,2879,3198,0.87,2.225,319,3038.5,0.0347578901611778,0,103802.4,2,48484.6241071429,112
23455.927264329,47,6732,174048,48,3626,1,1952-02-16,0,0,2,162580,72.8,9538,1.51,1.81,111,6079,5410,0.3,1.66,-669,5744.5,0.0353333743387871,0,126467.6,2,72968.3811594203,69
26512.878935391,14,6734,173016,36,4806,1,1945-02-23,0,0,6,177686,74.8,10045,1.42,1.71,135,6604,6295,0.29,1.565,-309,6449.5,0.0362971759170672,0,123628.2,3,61799.2436170213,94
16686.2311887643,1,6736,288360,60,4806,1,1935-12-15,1,0,5,1204953,100,12541,0.29,0.43,167,85677,99107,0.14,0.36,13430,92392,0.0766768496364588,0,57695.8,1,33211.76,10
21005.6802918876,68,6737,76680,24,3195,1,1949-01-07,1,7170,4,228848,57.2,9893,4.09,4.72,96,5623,5887,0.63,4.405,264,5755,0.0251476962874921,0,103676.1,2,62933.4748251748,143
29524.489997328,74,6738,230220,36,6395,-1,1942-11-09,0,555,4,323870,100,10673,4.75,5.44,100,18782,18347,0.69,5.095,-435,18564.5,0.0573208386080835,0,133520.7,2,27658.487804878,82
30916.763221259,64,6745,47304,24,1971,1,1971-08-03,1,8151,7,197099,74.7,9624,1.6,2.31,145,4484,4265,0.71,1.955,-219,4374.5,0.0221944302101989,0,147693,2,68740.0233532934,167
12288.0630072131,17,6751,85716,36,2381,1,1938-05-03,1,0,6,74062,61.4,8114,2.38,2.62,119,1003,1181,0.24,2.5,178,1092,0.0147444033377441,0,51982.7,2,31337.2578947368,19
9896.49244594163,64,6764,33984,48,708,1,1972-08-04,1,0,7,197099,74.7,9624,1.6,2.31,145,4484,4265,0.71,1.955,-219,4374.5,0.0221944302101989,0,54477.5,2,38587.76,70
22705.1827824266,1,6785,125340,60,2089,1,1944-06-15,1,3713,5,1204953,100,12541,0.29,0.43,167,85677,99107,0.14,0.36,13430,92392,0.0766768496364588,0,110433.4,3,51145.5157480315,127
13151.5102543473,70,6805,45024,48,938,1,1957-05-04,0,4719,4,285387,89.9,10177,6.63,7.75,81,9878,10108,1.12,7.19,230,9993,0.0350156103816922,0,62859.3,2,41994.9076923077,39
29551.4830543201,64,6808,227880,36,6330,1,1955-11-04,0,0,7,197099,74.7,9624,1.6,2.31,145,4484,4265,0.71,1.955,-219,4374.5,0.0221944302101989,0,152113.7,2,45134.721686747,83
27339.8874685749,40,6810,186384,48,3883,1,1959-01-29,1,4541,3,128118,85.3,9317,6.49,7.07,97,6949,6872,0.58,6.78,-77,6910.5,0.0539385566430946,0,128857.3,3,61578.3015789474,190
9838.64837040488,70,6816,100224,48,2088,-1,1957-02-01,0,0,4,285387,89.9,10177,6.63,7.75,81,9878,10108,1.12,7.19,230,9993,0.0350156103816922,0,45787.1,2,28124.9333333333,18
12948.7615374929,1,6817,70656,48,1472,1,1952-07-26,1,6270,5,1204953,100,12541,0.29,0.43,167,85677,99107,0.14,0.36,13430,92392,0.0766768496364588,0,54743.2,2,32646.8509433962,53
11044.4943921964,72,6818,155616,48,3242,1,1971-04-10,0,2587,4,226122,62.6,8994,3.8,4.79,110,9672,9208,0.99,4.295,-464,9440,0.041747375310673,0,75094.1,2,44197.5098837209,172
13293.4318052437,1,6820,38148,12,3179,1,1965-01-22,0,4697,5,1204953,100,12541,0.29,0.43,167,85677,99107,0.14,0.36,13430,92392,0.0766768496364588,0,61424.6,2,37462.0931034483,29
12250.0795724793,58,6836,189300,60,3155,1,1953-12-05,1,1311,7,109164,63.6,8757,3.38,3.95,96,2212,2471,0.57,3.665,259,2341.5,0.0214493789161262,0,60243.3,2,32354.031372549,102
21110.3118747415,10,6841,172080,48,3585,1,1957-03-05,0,0,1,92084,46.7,10124,0.56,0.54,141,3810,4316,-0.02,0.55,506,4063,0.0441227574822988,0,118938.8,2,60743.9571428571,42
11520.1844510437,45,6863,127080,60,2118,1,1936-06-02,1,7936,2,77917,53.5,8390,2.28,2.89,132,2080,2122,0.61,2.585,42,2101,0.0269645905258159,0,48790.4,2,30060.9541666667,24
11482.4951554331,72,6865,29448,12,2454,-1,1947-10-21,1,0,4,226122,62.6,8994,3.8,4.79,110,9672,9208,0.99,4.295,-464,9440,0.041747375310673,0,42990.6,2,28977.4363636364,11
11715.9751727452,11,6876,86616,12,7218,1,1961-09-28,1,0,1,75637,36.5,9622,0.45,0.59,154,3475,3529,0.14,0.52,54,3502,0.046300091225194,0,47553.1,2,25714.0466666667,15
26896.8541402657,32,6888,39576,12,3298,1,1980-05-02,0,9493,3,105058,81,9272,2.8,3.22,118,4340,4505,0.42,3.01,165,4422.5,0.0420957947038779,0,103167.2,2,48944.827826087,115
20303.8171201358,70,6895,41904,12,3492,1,1974-07-08,1,4654,4,285387,89.9,10177,6.63,7.75,81,9878,10108,1.12,7.19,230,9993,0.0350156103816922,0,128223,2,36080.3867132867,143
20087.3650297794,11,6903,52128,24,2172,1,1959-07-17,0,0,1,75637,36.5,9622,0.45,0.59,154,3475,3529,0.14,0.52,54,3502,0.046300091225194,0,59800,2,33459.6802816901,71
21557.4645434396,1,6919,120888,36,3358,1,1944-04-20,0,3225,5,1204953,100,12541,0.29,0.43,167,85677,99107,0.14,0.36,13430,92392,0.0766768496364588,0,115868.4,3,40838.7552083333,96
24799.9740378728,70,6921,86184,12,7182,1,1940-12-04,0,107,4,285387,89.9,10177,6.63,7.75,81,9878,10108,1.12,7.19,230,9993,0.0350156103816922,0,127846,2,59935.2714285714,42
25051.2576378554,76,6929,36396,12,3033,1,1972-04-03,1,5119,4,127369,51.2,8369,4.73,5.88,107,3736,2807,1.15,5.305,-929,3271.5,0.0256852138275405,0,125087.5,3,57977.0348101266,158
20050.2784167389,64,6933,188688,48,3931,1,1965-07-23,0,6803,7,197099,74.7,9624,1.6,2.31,145,4484,4265,0.71,1.955,-219,4374.5,0.0221944302101989,0,70855.7,2,42203.1727272727,22
14856.8141901735,1,6940,228276,36,6341,1,1961-08-03,1,0,5,1204953,100,12541,0.29,0.43,167,85677,99107,0.14,0.36,13430,92392,0.0766768496364588,0,59736.6,2,41402.135,20
13279.6378527179,62,6944,46176,48,962,1,1966-11-03,1,9613,7,145688,40.7,8544,1.29,1.86,109,2719,2906,0.57,1.575,187,2812.5,0.0193049530503542,0,53705.1,2,33613.1058823529,17
25655.5136540927,31,6949,104712,24,4363,1,1970-10-07,0,13386,8,51313,59.2,8930,3.52,4.2,108,1328,1452,0.68,3.86,124,1390,0.0270886519985189,0,119452.3,3,52379.1287037037,108
27075.7420583239,74,6950,104712,24,4363,1,1944-12-12,1,4146,4,323870,100,10673,4.75,5.44,100,18782,18347,0.69,5.095,-435,18564.5,0.0573208386080835,0,147203.2,2,57357.8434554974,191
25561.8276844292,65,6955,244368,48,5091,1,1970-04-02,1,0,7,114200,43.7,8403,5.74,5.72,105,2157,2718,-0.0200000000000005,5.73,561,2437.5,0.0213441330998249,0,143253.3,1,75924.2409722222,144
11990.8733564062,1,6960,76416,24,3184,1,1937-09-02,1,10597,5,1204953,100,12541,0.29,0.43,167,85677,99107,0.14,0.36,13430,92392,0.0766768496364588,0,55807.7,2,31375.1607843137,153
21431.2378562617,38,6961,176148,36,4893,1,1963-11-20,0,0,3,85852,59.8,8965,7.08,8.23,104,2653,2822,1.15,7.655,169,2737.5,0.0318862693938406,0,82683.4,2,47154.5,13
30644.1570757547,61,6965,139536,24,5814,1,1941-09-13,0,10721,7,117897,53.8,8814,4.76,5.74,107,2112,2059,0.98,5.25,-53,2085.5,0.0176891693596953,0,150746.9,2,63889.8739393939,165
11410.8354231442,54,6985,113796,36,3161,1,1971-10-09,1,4967,7,387570,100,9897,1.6,1.96,140,18721,18696,0.36,1.78,-25,18708.5,0.0482712800268339,0,57522.1,1,36840.5736111111,72
24000.1249980636,74,6986,151728,48,3161,-1,1976-06-23,1,0,4,323870,100,10673,4.75,5.44,100,18782,18347,0.69,5.095,-435,18564.5,0.0573208386080835,0,83454.3,2,30491.098245614,57
22590.1043080536,52,6992,133968,48,2791,1,1943-05-30,1,9210,2,139012,61.9,8363,2.52,3.49,108,2564,2799,0.97,3.005,235,2681.5,0.0192897016084942,2,117258.5,2,46772.3151898734,79
21691.1342547418,64,6995,96168,12,8014,1,1972-08-12,0,0,7,197099,74.7,9624,1.6,2.31,145,4484,4265,0.71,1.955,-219,4374.5,0.0221944302101989,0,137410.1,3,50492.688590604,149
17179.8114630378,47,6996,126600,24,5275,1,1939-02-27,1,0,2,162580,72.8,9538,1.51,1.81,111,6079,5410,0.3,1.66,-669,5744.5,0.0353333743387871,0,93643.3,2,47118.9931818182,132
22871.8265868698,21,6998,97632,12,8136,1,1968-09-07,0,6531,6,103347,67,9104,1.51,2.07,123,2299,2354,0.56,1.79,55,2326.5,0.0225115387964818,0,118800.1,2,53379.1276923077,65
11038.4095115299,2,7004,331560,60,5526,1,1980-11-23,1,5887,1,88884,46.7,8507,1.67,1.85,132,2159,2674,0.18,1.76,515,2416.5,0.027187120291616,0,71024.6,2,36941.9983193277,119
14039.2733865905,1,7008,36168,12,3014,1,1961-08-19,1,1507,5,1204953,100,12541,0.29,0.43,167,85677,99107,0.14,0.36,13430,92392,0.0766768496364588,0,63438,2,39063.7666666667,36
10876.8717046827,60,7013,89340,60,1489,1,1971-11-12,0,5016,7,110643,51.9,8441,3.45,4.48,115,1879,2252,1.03,3.965,373,2065.5,0.0186681489113636,0,54128.1,2,40005.4818181818,44
10532.7848881137,24,7034,19044,36,529,1,1974-04-05,0,0,8,122603,80,8991,1.39,2.01,128,5198,5273,0.62,1.7,75,5235.5,0.0427028702397168,0,64381.1,2,43121.7550724638,69
35314.5278448429,8,7036,194940,36,5415,1,1964-10-30,1,0,1,112065,69.4,11277,1.25,1.44,127,5179,4987,0.19,1.345,-192,5083,0.0453576049614063,0,137572.6,2,56669.7879120879,91
26493.5915888754,62,7055,167100,60,2785,1,1970-01-17,0,0,7,145688,40.7,8544,1.29,1.86,109,2719,2906,0.57,1.575,187,2812.5,0.0193049530503542,0,142505.7,2,63707.6265822785,79
20926.3694425144,1,7057,231696,36,6436,1,1973-05-30,1,2762,5,1204953,100,12541,0.29,0.43,167,85677,99107,0.14,0.36,13430,92392,0.0766768496364588,0,107775.3,3,45873.6166666667,126
21910.8275563776,55,7061,121896,24,5079,1,1965-03-07,1,0,7,157042,33.9,8743,1.88,2.43,111,3659,3894,0.55,2.155,235,3776.5,0.0240477069828454,0,132854.9,2,54422.5967741935,93
10504.3104701605,39,7066,215388,36,5983,-1,1959-12-17,1,0,3,119895,89.9,10446,7.34,9.4,90,4947,4743,2.06,8.37,-204,4845,0.0404103590641812,0,49757,2,32702.7266666667,15
20688.4180488837,54,7097,75624,24,3151,-1,1958-12-07,1,13500,7,387570,100,9897,1.6,1.96,140,18721,18696,0.36,1.78,-25,18708.5,0.0482712800268339,0,89354.8,2,50009.9086956522,23
12359.209052004,14,7101,421008,48,8771,1,1953-06-01,1,9902,6,177686,74.8,10045,1.42,1.71,135,6604,6295,0.29,1.565,-309,6449.5,0.0362971759170672,0,71730.4,2,37436.422,50
19487.2396663213,68,7104,259740,60,4329,1,1979-03-16,1,12414,4,228848,57.2,9893,4.09,4.72,96,5623,5887,0.63,4.405,264,5755,0.0251476962874921,0,78833.5,2,45198.1529411765,17
10171.0318459875,55,7121,21924,36,609,1,1960-08-20,1,6262,7,157042,33.9,8743,1.88,2.43,111,3659,3894,0.55,2.155,235,3776.5,0.0240477069828454,0,59332.4,2,34272.2133333333,45
17185.3638546914,39,7130,123408,24,5142,1,1964-10-14,1,3020,3,119895,89.9,10446,7.34,9.4,90,4947,4743,2.06,8.37,-204,4845,0.0404103590641812,2,84926.9,1,28359.2553846154,65
10625.9463929278,60,7136,54396,36,1511,1,1939-07-27,1,0,7,110643,51.9,8441,3.45,4.48,115,1879,2252,1.03,3.965,373,2065.5,0.0186681489113636,0,41508.8,2,30293.7086956522,23
22844.0061645797,66,7137,151560,24,6315,1,1953-05-05,1,10134,7,125832,48.3,8512,3.51,4.12,102,2247,2103,0.61,3.815,-144,2175,0.0172849513637231,0,97612.7,2,53976.2928571429,28
5853.92888671955,45,7138,60000,60,1000,1,1946-10-15,1,2960,2,77917,53.5,8390,2.28,2.89,132,2080,2122,0.61,2.585,42,2101,0.0269645905258159,0,38993.9,2,24643.2839416058,137
9885.4777247265,1,7142,482940,60,8049,-1,1976-05-21,0,2439,5,1204953,100,12541,0.29,0.43,167,85677,99107,0.14,0.36,13430,92392,0.0766768496364588,0,56807.2,2,26358.7546153846,130
18631.3583226447,55,7154,417600,60,6960,1,1970-10-12,1,0,7,157042,33.9,8743,1.88,2.43,111,3659,3894,0.55,2.155,235,3776.5,0.0240477069828454,2,86852.1,1,43196.7441176471,34
13022.4216144806,41,7166,198240,24,8260,1,1956-02-18,1,7303,3,118650,85.6,9832,3.32,4.48,114,6445,5471,1.16,3.9,-974,5958,0.0502149178255373,0,51647.2,2,30953.14375,16
20993.628045388,11,7176,260028,36,7223,1,1976-11-25,1,4782,1,75637,36.5,9622,0.45,0.59,154,3475,3529,0.14,0.52,54,3502,0.046300091225194,0,124700.7,2,50676.8198757764,161
10868.9432774909,71,7189,154656,48,3222,1,1956-11-28,1,3867,4,161227,69.7,8678,5.93,5.57,102,4980,4595,-0.359999999999999,5.75,-385,4787.5,0.0296941579264019,0,60782,2,31791.3280898876,89
17591.0559501949,31,7192,115992,36,3222,1,1937-05-17,1,186,8,51313,59.2,8930,3.52,4.2,108,1328,1452,0.68,3.86,124,1390,0.0270886519985189,0,107492,3,25666.4070866142,127
12288.7904112708,1,7194,68832,36,1912,1,1959-07-01,1,5435,5,1204953,100,12541,0.29,0.43,167,85677,99107,0.14,0.36,13430,92392,0.0766768496364588,0,61239.6,2,37557.0547169811,53
14361.643030577,72,7198,45768,12,3814,1,1977-05-27,0,0,4,226122,62.6,8994,3.8,4.79,110,9672,9208,0.99,4.295,-464,9440,0.041747375310673,0,77527.5,3,32555.8185185185,27
12325.8311911857,65,7213,113544,36,3154,1,1942-09-18,1,1326,7,114200,43.7,8403,5.74,5.72,105,2157,2718,-0.0200000000000005,5.73,561,2437.5,0.0213441330998249,0,67348.1,2,33990.4197183099,71
12494.3123334861,1,7220,131292,36,3647,1,1954-03-20,1,7312,5,1204953,100,12541,0.29,0.43,167,85677,99107,0.14,0.36,13430,92392,0.0766768496364588,0,69288.4,3,36635.1156626506,83
19635.3576744511,13,7226,197748,36,5493,1,1970-05-05,0,0,1,53921,41.3,8598,2.77,3.26,123,1597,1875,0.49,3.015,278,1736,0.0321952486044398,0,74113.6,2,44735.43125,16
28698.3798261659,44,7227,314520,60,5242,1,1955-11-18,0,10472,2,105606,53,8254,2.79,3.76,97,2166,2325,0.97,3.275,159,2245.5,0.0212629964206579,0,127619.4,3,63527.42,130
21971.1628521051,16,7233,115812,36,3217,1,1953-06-01,1,0,6,93931,56.9,8427,1.12,1.54,107,1874,1913,0.42,1.33,39,1893.5,0.0201584141550713,0,118427.2,2,56646.5161290323,124
20286.9655584644,18,7235,154416,48,3217,1,1969-05-25,0,0,6,70699,65.3,8968,2.83,3.35,131,1740,1910,0.52,3.09,170,1825,0.0258136607307034,0,72826.5,3,46715.8,32
25256.6658167142,63,7240,274740,60,4579,1,1978-09-07,1,756,7,86513,50.5,8288,3.79,4.52,110,1562,1460,0.73,4.155,-102,1511,0.0174655832071481,0,122293.1,3,57188.2111111111,27
28355.3601580073,1,7241,168984,24,7041,-1,1976-03-18,1,0,5,1204953,100,12541,0.29,0.43,167,85677,99107,0.14,0.36,13430,92392,0.0766768496364588,0,121324.1,2,56053.9975,160
18394.5137848639,72,7243,217152,36,6032,1,1974-07-07,1,8436,4,226122,62.6,8994,3.8,4.79,110,9672,9208,0.99,4.295,-464,9440,0.041747375310673,2,109374.3,2,49107.0666666667,57
15220.6512633641,59,7246,148920,60,2482,1,1977-08-03,1,11506,7,108871,62.1,8444,3.24,3.47,106,2595,2305,0.23,3.355,-290,2450,0.0225036970359416,0,62889.9,3,32435.3193548387,31
9598.2528518684,46,7249,69360,48,1445,1,1941-07-28,1,0,2,112709,73.5,8369,1.79,2.31,117,2854,2618,0.52,2.05,-236,2736,0.0242749026253449,0,51265,2,33857.1064102564,78
25585.472260311,59,7259,108144,36,3004,1,1963-05-12,0,4736,7,108871,62.1,8444,3.24,3.47,106,2595,2305,0.23,3.355,-290,2450,0.0225036970359416,0,122963.4,2,54652.8981818182,55
14579.4217665666,75,7262,182628,36,5073,1,1959-05-23,1,0,4,138032,64.6,8819,5.38,5.66,99,4063,4505,0.28,5.52,442,4284,0.0310362814419845,0,51746,2,33229.1076923077,13
27471.9750004315,70,7263,89880,24,3745,1,1963-05-16,1,0,4,285387,89.9,10177,6.63,7.75,81,9878,10108,1.12,7.19,230,9993,0.0350156103816922,0,115204.2,3,62571.2827586207,29
20293.3634796541,12,7271,392460,60,6541,1,1980-11-13,0,9810,1,107870,58,8754,3.83,4.31,137,3804,3868,0.48,4.07,64,3836,0.0355613238157041,0,115013.4,2,57131.7405594406,143
6652.64295634085,15,7284,52788,12,4399,1,1973-02-16,1,506,6,58796,51.9,9045,3.13,3.6,124,1845,1879,0.47,3.365,34,1862,0.0316688210082319,0,40469.1,2,22198.1790697674,43
27879.3968566711,1,7304,419880,60,6998,1,1945-10-30,0,10886,5,1204953,100,12541,0.29,0.43,167,85677,99107,0.14,0.36,13430,92392,0.0766768496364588,0,103839.9,3,59352.8333333333,18
15469.9881129642,61,7305,54024,12,4502,1,1968-04-13,1,4518,7,117897,53.8,8814,4.76,5.74,107,2112,2059,0.98,5.25,-53,2085.5,0.0176891693596953,2,80705.8,2,36480.1850340136,147
11709.1423747552,67,7308,129408,24,5392,1,1962-10-19,0,4780,4,106054,63.1,8110,5.77,6.55,109,3244,3079,0.78,6.16,-165,3161.5,0.0298102853263432,0,55055.6,2,30869.7813084112,107
